releases,invited_installations,paired_installations,true_mean_delta,trials,comparison_shown_fraction,alignment_signal_fraction_all_trials,coverage_fraction_when_shown,mean_interval_width_when_shown
1,200,100,0.0,2000,0.0005,0.0,1.0,5.130513760716549
1,200,100,-0.5,2000,0.0,0.0,,
1,1000,500,0.0,2000,1.0,0.0,1.0,1.746428014207334
1,1000,500,-0.5,2000,1.0,0.0,1.0,1.778017970853045
1,2000,1000,0.0,2000,1.0,0.0,1.0,1.080559512561705
1,2000,1000,-0.5,2000,1.0,0.0,1.0,1.1064054021817766
1,10000,5000,0.0,2000,1.0,0.0,1.0,0.4025640156477821
1,10000,5000,-0.5,2000,1.0,1.0,1.0,0.40934664438991125
1,20000,10000,0.0,2000,1.0,0.0,1.0,0.2721154353369264
1,20000,10000,-0.5,2000,1.0,1.0,1.0,0.2756011139237042
1,40000,20000,0.0,2000,1.0,0.0,1.0,0.1862497369937563
1,40000,20000,-0.5,2000,1.0,1.0,1.0,0.188016582268611
13,200,100,0.0,2000,0.0,0.0,,
13,200,100,-0.5,2000,0.0,0.0,,
13,1000,500,0.0,2000,1.0,0.0,1.0,5.184430908096035
13,1000,500,-0.5,2000,1.0,0.0,1.0,5.14675184056957
13,2000,1000,0.0,2000,1.0,0.0,1.0,2.4838142086436297
13,2000,1000,-0.5,2000,1.0,0.0,1.0,2.4914767267400135
13,10000,5000,0.0,2000,1.0,0.0,1.0,0.6869466531557533
13,10000,5000,-0.5,2000,1.0,0.0,1.0,0.7100202874221981
13,20000,10000,0.0,2000,1.0,0.0,1.0,0.4292584259268486
13,20000,10000,-0.5,2000,1.0,0.9745,1.0,0.4426209306945944
13,40000,20000,0.0,2000,1.0,0.0,1.0,0.2765264544760382
13,40000,20000,-0.5,2000,1.0,1.0,1.0,0.2836866679463229
